In_Function,Block_Type,Block_No,Speedup (if parallelized),Coverage,Time,Function_Name
,FuncDef,,Nil,100,0.0832028530,main
main,FuncCall,0,1.713745314530972,55.5310296872,0.0462034010,init_array
init_array,For,4,1.712153497775957,55.4586956291,0.0461432170,
main,FuncCall,4,1.4220559449928654,39.5723713945,0.0329253420,kernel_atax
kernel_atax,For,4,1.4216726981170096,39.5470958189,0.0329043120,
init_array,For,0,1.0002063035083382,0.0275014607973,0.0000228820,
kernel_atax,For,0,1.0001014370988899,0.0135235747265,0.0000112520,
