In_Function,Block_Type,Block_No,Speedup (if parallelized),Coverage,Time,Function_Name
,FuncDef,,Nil,100,32.8125893620,main
main,FuncCall,4,3.985984936849489,99.8827971558,32.7741320740,kernel_gramschmidt
kernel_gramschmidt,For,0,3.9859795879462014,99.8827522675,32.7741173450,
main,FuncCall,0,1.0008361993411465,0.111400092802,0.0365532550,init_array
init_array,For,0,1.0007046922207548,0.0938927972435,0.0308086580,
init_array,For,4,1.0001298585188614,0.0173122210421,0.0056805880,
