In_Function,Block_Type,Block_No,Speedup (if parallelized),Coverage,Time,Function_Name
,FuncDef,,Nil,100,0.1223171300,main
main,FuncCall,4,1.9841290767888868,66.1334042092,0.0808924820,kernel_gemver
kernel_gemver,For,4,1.4025599400682809,38.2690658291,0.0468096230,
main,FuncCall,0,1.3215596410849568,32.4424395831,0.0396826610,init_array
init_array,For,0,1.320834742114153,32.3870687613,0.0396149330,
kernel_gemver,For,0,1.1364034108250372,16.004106702,0.0195757640,
kernel_gemver,For,12,1.0974107348981352,11.8352204634,0.0144765020,
kernel_gemver,For,8,1.000046271212151,0.00616920949666,0.0000075460,
