In_Function,Block_Type,Block_No,Speedup (if parallelized),Coverage,Time,Function_Name
,FuncDef,,Nil,100,0.0516039130,main
main,FuncCall,0,2.3168703852078503,75.784437122,0.0391077350,init_array
init_array,For,0,2.3137944139037647,75.7079312958,0.0390682550,
main,FuncCall,4,1.1894875826538263,21.2402478083,0.0109607990,kernel_gesummv
kernel_gesummv,For,0,1.1893358223291908,21.2259446294,0.0109534180,
